-- phpMyAdmin SQL Dump
-- version 5.2.2
-- https://www.phpmyadmin.net/
--
-- Host: localhost:3306
-- Generation Time: Jul 24, 2025 at 04:46 PM
-- Server version: 8.0.30
-- PHP Version: 8.3.20

SET SQL_MODE = "NO_AUTO_VALUE_ON_ZERO";
START TRANSACTION;
SET time_zone = "+00:00";


/*!40101 SET @OLD_CHARACTER_SET_CLIENT=@@CHARACTER_SET_CLIENT */;
/*!40101 SET @OLD_CHARACTER_SET_RESULTS=@@CHARACTER_SET_RESULTS */;
/*!40101 SET @OLD_COLLATION_CONNECTION=@@COLLATION_CONNECTION */;
/*!40101 SET NAMES utf8mb4 */;

--
-- Database: `takana`
--

-- --------------------------------------------------------

--
-- Table structure for table `kategori`
--

CREATE TABLE `kategori` (
  `id` int NOT NULL,
  `nama` varchar(255) NOT NULL
) ENGINE=InnoDB DEFAULT CHARSET=utf8mb4 COLLATE=utf8mb4_0900_ai_ci;

--
-- Dumping data for table `kategori`
--

INSERT INTO `kategori` (`id`, `nama`) VALUES
(1, 'makanan'),
(11, 'minuman 2');

-- --------------------------------------------------------

--
-- Table structure for table `menu`
--

CREATE TABLE `menu` (
  `id` int NOT NULL,
  `id_kategori` int NOT NULL,
  `nama` varchar(255) NOT NULL,
  `deskripsi` varchar(255) DEFAULT NULL,
  `harga` decimal(10,2) NOT NULL,
  `diskon` decimal(10,2) NOT NULL,
  `gambar` varchar(255) NOT NULL,
  `status` enum('Tersedia','Habis') NOT NULL
) ENGINE=InnoDB DEFAULT CHARSET=utf8mb4 COLLATE=utf8mb4_0900_ai_ci;

--
-- Dumping data for table `menu`
--

INSERT INTO `menu` (`id`, `id_kategori`, `nama`, `deskripsi`, `harga`, `diskon`, `gambar`, `status`) VALUES
(3, 1, 'Nasi', 'nasi', 12000.00, 10.00, '1753325780_ayam_geprek.jpg', 'Tersedia'),
(4, 1, 'Keju', 'Makanan', 5000.00, 0.00, '1753326839_Desain tanpa judul.jpg', 'Tersedia');

-- --------------------------------------------------------

--
-- Table structure for table `metode_pembayaran`
--

CREATE TABLE `metode_pembayaran` (
  `id` int NOT NULL,
  `nama` varchar(255) NOT NULL
) ENGINE=InnoDB DEFAULT CHARSET=utf8mb4 COLLATE=utf8mb4_0900_ai_ci;

--
-- Dumping data for table `metode_pembayaran`
--

INSERT INTO `metode_pembayaran` (`id`, `nama`) VALUES
(1, 'COD'),
(3, 'Transfer Bank');

-- --------------------------------------------------------

--
-- Table structure for table `transaksi`
--

CREATE TABLE `transaksi` (
  `id` int NOT NULL,
  `id_user` int DEFAULT NULL,
  `id_metode_pembayaran` int NOT NULL,
  `kode_inv` varchar(255) NOT NULL,
  `tanggal` timestamp NOT NULL,
  `nama_pembeli` varchar(255) NOT NULL,
  `nomor_hp` char(15) NOT NULL,
  `alamat` varchar(255) NOT NULL,
  `total_bayar` decimal(12,2) DEFAULT '0.00',
  `status` enum('Proses','Pengantaran Pesanan','Selesai') CHARACTER SET utf8mb4 COLLATE utf8mb4_0900_as_cs NOT NULL
) ENGINE=InnoDB DEFAULT CHARSET=utf8mb4 COLLATE=utf8mb4_0900_ai_ci;

--
-- Dumping data for table `transaksi`
--

INSERT INTO `transaksi` (`id`, `id_user`, `id_metode_pembayaran`, `kode_inv`, `tanggal`, `nama_pembeli`, `nomor_hp`, `alamat`, `total_bayar`, `status`) VALUES
(2, NULL, 3, 'INV250724124124', '2025-07-23 17:00:00', 'budi', '082287205995', '', 0.00, 'Proses'),
(3, NULL, 3, 'INV250724124235', '2025-07-23 17:00:00', 'budi', '082287205995', '', 0.00, 'Proses'),
(4, NULL, 3, 'INV250724124235', '2025-07-23 17:00:00', 'budi', '082287205995', '', 24000.00, 'Pengantaran Pesanan'),
(6, NULL, 1, 'INV25072410412830', '2025-07-23 17:00:00', 'kimi', '082287205995', '', 38980.00, 'Proses'),
(7, NULL, 1, 'INV25072410412830', '2025-07-23 17:00:00', 'kimi', '082287205995', '', 38980.00, 'Proses'),
(8, 1, 3, 'INV25072410463971', '2025-07-23 17:00:00', 'kimi anderson 2', '082287205995', '', 38980.00, 'Pengantaran Pesanan'),
(434, NULL, 1, 'INV250724125733', '2025-07-23 17:00:00', 'dodo', '082287205995', '', 28980.00, 'Proses'),
(435, NULL, 1, 'INV250724125733', '2025-07-23 17:00:00', 'dodo', '082287205995', '', 28980.00, 'Proses'),
(436, 1, 1, 'INV250724125733', '2025-07-23 17:00:00', 'dodo', '082287205995', '', 28980.00, 'Pengantaran Pesanan'),
(437, 1, 3, 'INV250724154922', '2025-07-23 17:00:00', 'joko', '082287205995', 'RT. 01/RW. 02, Dusun Bukit Harapan, Sungai Petai, Kec. Kampar Kiri Hilir, KAB. KAMPAR', 16990.00, 'Pengantaran Pesanan');

-- --------------------------------------------------------

--
-- Table structure for table `transaksi_detail`
--

CREATE TABLE `transaksi_detail` (
  `id` int NOT NULL,
  `id_transaksi` int NOT NULL,
  `id_menu` int NOT NULL,
  `jumlah` int NOT NULL,
  `harga` decimal(10,2) NOT NULL,
  `total_harga` decimal(10,2) NOT NULL
) ENGINE=InnoDB DEFAULT CHARSET=utf8mb4 COLLATE=utf8mb4_0900_ai_ci;

--
-- Dumping data for table `transaksi_detail`
--

INSERT INTO `transaksi_detail` (`id`, `id_transaksi`, `id_menu`, `jumlah`, `harga`, `total_harga`) VALUES
(1, 4, 3, 2, 12000.00, 24000.00),
(3, 6, 3, 2, 11990.00, 23980.00),
(4, 6, 4, 3, 5000.00, 15000.00),
(5, 7, 3, 2, 11990.00, 23980.00),
(6, 7, 4, 3, 5000.00, 15000.00),
(7, 8, 3, 2, 11990.00, 23980.00),
(8, 8, 4, 3, 5000.00, 15000.00),
(9, 9, 3, 2, 11990.00, 23980.00),
(10, 9, 4, 3, 5000.00, 15000.00),
(11, 10, 3, 2, 11990.00, 23980.00),
(12, 10, 4, 3, 5000.00, 15000.00),
(13, 11, 3, 2, 11990.00, 23980.00),
(14, 11, 4, 3, 5000.00, 15000.00),
(15, 12, 3, 2, 11990.00, 23980.00),
(16, 12, 4, 1, 5000.00, 5000.00),
(17, 13, 3, 2, 11990.00, 23980.00),
(18, 13, 4, 1, 5000.00, 5000.00),
(19, 14, 3, 2, 11990.00, 23980.00),
(20, 14, 4, 1, 5000.00, 5000.00),
(21, 15, 3, 2, 11990.00, 23980.00),
(22, 15, 4, 1, 5000.00, 5000.00),
(23, 16, 3, 3, 11990.00, 35970.00),
(24, 17, 3, 3, 11990.00, 35970.00),
(25, 18, 3, 3, 11990.00, 35970.00),
(26, 19, 3, 3, 11990.00, 35970.00),
(27, 20, 3, 3, 11990.00, 35970.00),
(28, 21, 3, 3, 11990.00, 35970.00),
(29, 22, 3, 3, 11990.00, 35970.00),
(30, 23, 3, 3, 11990.00, 35970.00),
(31, 24, 3, 3, 11990.00, 35970.00),
(32, 25, 3, 1, 11990.00, 11990.00),
(33, 26, 3, 1, 11990.00, 11990.00),
(34, 27, 4, 2, 5000.00, 10000.00),
(35, 28, 4, 2, 5000.00, 10000.00),
(36, 29, 4, 2, 5000.00, 10000.00),
(37, 30, 3, 1, 11990.00, 11990.00),
(38, 31, 3, 1, 11990.00, 11990.00),
(39, 32, 3, 1, 11990.00, 11990.00),
(40, 33, 3, 1, 11990.00, 11990.00),
(41, 34, 3, 1, 11990.00, 11990.00),
(42, 35, 3, 1, 11990.00, 11990.00),
(43, 36, 3, 1, 11990.00, 11990.00),
(44, 37, 3, 1, 11990.00, 11990.00),
(45, 38, 3, 1, 11990.00, 11990.00),
(46, 39, 3, 1, 11990.00, 11990.00),
(47, 40, 3, 1, 11990.00, 11990.00),
(48, 41, 3, 1, 11990.00, 11990.00),
(49, 42, 3, 1, 11990.00, 11990.00),
(50, 43, 3, 1, 11990.00, 11990.00),
(51, 44, 3, 1, 11990.00, 11990.00),
(52, 45, 3, 1, 11990.00, 11990.00),
(53, 46, 3, 1, 11990.00, 11990.00),
(54, 47, 3, 1, 11990.00, 11990.00),
(55, 48, 3, 1, 11990.00, 11990.00),
(56, 49, 3, 1, 11990.00, 11990.00),
(57, 50, 3, 1, 11990.00, 11990.00),
(58, 51, 3, 1, 11990.00, 11990.00),
(59, 52, 3, 1, 11990.00, 11990.00),
(60, 53, 3, 1, 11990.00, 11990.00),
(61, 54, 3, 1, 11990.00, 11990.00),
(62, 55, 3, 1, 11990.00, 11990.00),
(63, 56, 3, 1, 11990.00, 11990.00),
(64, 57, 3, 1, 11990.00, 11990.00),
(65, 58, 3, 1, 11990.00, 11990.00),
(66, 59, 3, 1, 11990.00, 11990.00),
(67, 60, 3, 1, 11990.00, 11990.00),
(68, 61, 3, 1, 11990.00, 11990.00),
(69, 62, 3, 1, 11990.00, 11990.00),
(70, 63, 3, 1, 11990.00, 11990.00),
(71, 64, 3, 1, 11990.00, 11990.00),
(72, 65, 3, 1, 11990.00, 11990.00),
(73, 66, 3, 1, 11990.00, 11990.00),
(74, 67, 3, 1, 11990.00, 11990.00),
(75, 68, 3, 1, 11990.00, 11990.00),
(76, 69, 3, 1, 11990.00, 11990.00),
(77, 70, 3, 1, 11990.00, 11990.00),
(78, 71, 3, 1, 11990.00, 11990.00),
(79, 72, 3, 1, 11990.00, 11990.00),
(80, 73, 3, 1, 11990.00, 11990.00),
(81, 74, 3, 1, 11990.00, 11990.00),
(82, 75, 3, 1, 11990.00, 11990.00),
(83, 76, 3, 1, 11990.00, 11990.00),
(84, 77, 3, 1, 11990.00, 11990.00),
(85, 78, 3, 1, 11990.00, 11990.00),
(86, 79, 3, 1, 11990.00, 11990.00),
(87, 80, 3, 1, 11990.00, 11990.00),
(88, 81, 3, 1, 11990.00, 11990.00),
(89, 82, 3, 1, 11990.00, 11990.00),
(90, 83, 3, 1, 11990.00, 11990.00),
(91, 84, 3, 1, 11990.00, 11990.00),
(92, 85, 3, 1, 11990.00, 11990.00),
(93, 86, 3, 1, 11990.00, 11990.00),
(94, 87, 3, 1, 11990.00, 11990.00),
(95, 88, 3, 1, 11990.00, 11990.00),
(96, 89, 3, 1, 11990.00, 11990.00),
(97, 90, 3, 1, 11990.00, 11990.00),
(98, 91, 3, 1, 11990.00, 11990.00),
(99, 92, 3, 1, 11990.00, 11990.00),
(100, 93, 3, 1, 11990.00, 11990.00),
(101, 94, 3, 1, 11990.00, 11990.00),
(102, 95, 3, 1, 11990.00, 11990.00),
(103, 96, 3, 1, 11990.00, 11990.00),
(104, 97, 3, 1, 11990.00, 11990.00),
(105, 98, 3, 1, 11990.00, 11990.00),
(106, 99, 3, 1, 11990.00, 11990.00),
(107, 100, 3, 1, 11990.00, 11990.00),
(108, 101, 3, 1, 11990.00, 11990.00),
(109, 102, 3, 1, 11990.00, 11990.00),
(110, 103, 3, 1, 11990.00, 11990.00),
(111, 104, 3, 1, 11990.00, 11990.00),
(112, 105, 3, 1, 11990.00, 11990.00),
(113, 106, 3, 1, 11990.00, 11990.00),
(114, 107, 3, 1, 11990.00, 11990.00),
(115, 108, 3, 1, 11990.00, 11990.00),
(116, 109, 3, 1, 11990.00, 11990.00),
(117, 110, 3, 1, 11990.00, 11990.00),
(118, 111, 3, 1, 11990.00, 11990.00),
(119, 112, 3, 1, 11990.00, 11990.00),
(120, 113, 3, 1, 11990.00, 11990.00),
(121, 114, 3, 1, 11990.00, 11990.00),
(122, 115, 3, 1, 11990.00, 11990.00),
(123, 116, 3, 1, 11990.00, 11990.00),
(124, 117, 3, 1, 11990.00, 11990.00),
(125, 118, 3, 1, 11990.00, 11990.00),
(126, 119, 3, 1, 11990.00, 11990.00),
(127, 120, 3, 1, 11990.00, 11990.00),
(128, 121, 3, 1, 11990.00, 11990.00),
(129, 122, 3, 1, 11990.00, 11990.00),
(130, 123, 3, 1, 11990.00, 11990.00),
(131, 124, 3, 1, 11990.00, 11990.00),
(132, 125, 3, 1, 11990.00, 11990.00),
(133, 126, 3, 1, 11990.00, 11990.00),
(134, 127, 3, 1, 11990.00, 11990.00),
(135, 128, 3, 1, 11990.00, 11990.00),
(136, 129, 3, 1, 11990.00, 11990.00),
(137, 130, 3, 1, 11990.00, 11990.00),
(138, 131, 3, 1, 11990.00, 11990.00),
(139, 132, 3, 1, 11990.00, 11990.00),
(140, 133, 3, 1, 11990.00, 11990.00),
(141, 134, 3, 1, 11990.00, 11990.00),
(142, 135, 3, 1, 11990.00, 11990.00),
(143, 136, 3, 1, 11990.00, 11990.00),
(144, 137, 3, 1, 11990.00, 11990.00),
(145, 138, 3, 1, 11990.00, 11990.00),
(146, 139, 3, 1, 11990.00, 11990.00),
(147, 140, 3, 1, 11990.00, 11990.00),
(148, 141, 3, 1, 11990.00, 11990.00),
(149, 142, 3, 1, 11990.00, 11990.00),
(150, 143, 3, 1, 11990.00, 11990.00),
(151, 144, 3, 1, 11990.00, 11990.00),
(152, 145, 3, 1, 11990.00, 11990.00),
(153, 146, 3, 1, 11990.00, 11990.00),
(154, 147, 3, 1, 11990.00, 11990.00),
(155, 148, 3, 1, 11990.00, 11990.00),
(156, 149, 3, 1, 11990.00, 11990.00),
(157, 150, 3, 1, 11990.00, 11990.00),
(158, 151, 3, 1, 11990.00, 11990.00),
(159, 152, 3, 1, 11990.00, 11990.00),
(160, 153, 3, 1, 11990.00, 11990.00),
(161, 154, 3, 1, 11990.00, 11990.00),
(162, 155, 3, 1, 11990.00, 11990.00),
(163, 156, 3, 1, 11990.00, 11990.00),
(164, 157, 3, 1, 11990.00, 11990.00),
(165, 158, 3, 1, 11990.00, 11990.00),
(166, 159, 3, 1, 11990.00, 11990.00),
(167, 160, 3, 1, 11990.00, 11990.00),
(168, 161, 3, 1, 11990.00, 11990.00),
(169, 162, 3, 1, 11990.00, 11990.00),
(170, 163, 3, 1, 11990.00, 11990.00),
(171, 164, 3, 1, 11990.00, 11990.00),
(172, 165, 3, 1, 11990.00, 11990.00),
(173, 166, 3, 1, 11990.00, 11990.00),
(174, 167, 3, 1, 11990.00, 11990.00),
(175, 168, 3, 1, 11990.00, 11990.00),
(176, 169, 3, 1, 11990.00, 11990.00),
(177, 170, 3, 1, 11990.00, 11990.00),
(178, 171, 3, 1, 11990.00, 11990.00),
(179, 172, 3, 1, 11990.00, 11990.00),
(180, 173, 3, 1, 11990.00, 11990.00),
(181, 174, 3, 1, 11990.00, 11990.00),
(182, 175, 3, 1, 11990.00, 11990.00),
(183, 176, 3, 1, 11990.00, 11990.00),
(184, 177, 3, 1, 11990.00, 11990.00),
(185, 178, 3, 1, 11990.00, 11990.00),
(186, 179, 3, 1, 11990.00, 11990.00),
(187, 180, 3, 1, 11990.00, 11990.00),
(188, 181, 3, 1, 11990.00, 11990.00),
(189, 182, 3, 1, 11990.00, 11990.00),
(190, 183, 3, 1, 11990.00, 11990.00),
(191, 184, 3, 1, 11990.00, 11990.00),
(192, 185, 3, 1, 11990.00, 11990.00),
(193, 186, 3, 1, 11990.00, 11990.00),
(194, 187, 3, 1, 11990.00, 11990.00),
(195, 188, 3, 1, 11990.00, 11990.00),
(196, 189, 3, 1, 11990.00, 11990.00),
(197, 190, 3, 1, 11990.00, 11990.00),
(198, 191, 3, 1, 11990.00, 11990.00),
(199, 192, 3, 1, 11990.00, 11990.00),
(200, 193, 3, 1, 11990.00, 11990.00),
(201, 194, 3, 1, 11990.00, 11990.00),
(202, 195, 3, 1, 11990.00, 11990.00),
(203, 196, 3, 1, 11990.00, 11990.00),
(204, 197, 3, 1, 11990.00, 11990.00),
(205, 198, 3, 1, 11990.00, 11990.00),
(206, 199, 3, 1, 11990.00, 11990.00),
(207, 200, 3, 1, 11990.00, 11990.00),
(208, 201, 3, 1, 11990.00, 11990.00),
(209, 202, 3, 1, 11990.00, 11990.00),
(210, 203, 3, 1, 11990.00, 11990.00),
(211, 204, 3, 1, 11990.00, 11990.00),
(212, 205, 3, 1, 11990.00, 11990.00),
(213, 206, 3, 1, 11990.00, 11990.00),
(214, 207, 3, 1, 11990.00, 11990.00),
(215, 208, 3, 1, 11990.00, 11990.00),
(216, 209, 3, 1, 11990.00, 11990.00),
(217, 210, 3, 1, 11990.00, 11990.00),
(218, 211, 3, 1, 11990.00, 11990.00),
(219, 212, 3, 1, 11990.00, 11990.00),
(220, 213, 3, 1, 11990.00, 11990.00),
(221, 214, 3, 1, 11990.00, 11990.00),
(222, 215, 3, 1, 11990.00, 11990.00),
(223, 216, 3, 1, 11990.00, 11990.00),
(224, 217, 3, 1, 11990.00, 11990.00),
(225, 218, 3, 1, 11990.00, 11990.00),
(226, 219, 3, 1, 11990.00, 11990.00),
(227, 220, 3, 1, 11990.00, 11990.00),
(228, 221, 3, 1, 11990.00, 11990.00),
(229, 222, 3, 1, 11990.00, 11990.00),
(230, 223, 3, 1, 11990.00, 11990.00),
(231, 224, 3, 1, 11990.00, 11990.00),
(232, 225, 3, 1, 11990.00, 11990.00),
(233, 226, 3, 1, 11990.00, 11990.00),
(234, 227, 3, 1, 11990.00, 11990.00),
(235, 228, 3, 1, 11990.00, 11990.00),
(236, 229, 3, 1, 11990.00, 11990.00),
(237, 230, 3, 1, 11990.00, 11990.00),
(238, 231, 3, 1, 11990.00, 11990.00),
(239, 232, 3, 1, 11990.00, 11990.00),
(240, 233, 3, 1, 11990.00, 11990.00),
(241, 234, 3, 1, 11990.00, 11990.00),
(242, 235, 3, 1, 11990.00, 11990.00),
(243, 236, 3, 1, 11990.00, 11990.00),
(244, 237, 3, 1, 11990.00, 11990.00),
(245, 238, 3, 1, 11990.00, 11990.00),
(246, 239, 3, 1, 11990.00, 11990.00),
(247, 240, 3, 1, 11990.00, 11990.00),
(248, 241, 3, 1, 11990.00, 11990.00),
(249, 242, 3, 1, 11990.00, 11990.00),
(250, 243, 3, 1, 11990.00, 11990.00),
(251, 244, 3, 1, 11990.00, 11990.00),
(252, 245, 3, 1, 11990.00, 11990.00),
(253, 246, 3, 1, 11990.00, 11990.00),
(254, 247, 3, 1, 11990.00, 11990.00),
(255, 248, 3, 1, 11990.00, 11990.00),
(256, 249, 3, 1, 11990.00, 11990.00),
(257, 250, 3, 1, 11990.00, 11990.00),
(258, 251, 3, 1, 11990.00, 11990.00),
(259, 252, 3, 1, 11990.00, 11990.00),
(260, 253, 3, 1, 11990.00, 11990.00),
(261, 254, 3, 1, 11990.00, 11990.00),
(262, 255, 3, 1, 11990.00, 11990.00),
(263, 256, 3, 1, 11990.00, 11990.00),
(264, 257, 3, 1, 11990.00, 11990.00),
(265, 258, 3, 1, 11990.00, 11990.00),
(266, 259, 3, 1, 11990.00, 11990.00),
(267, 260, 3, 1, 11990.00, 11990.00),
(268, 261, 3, 1, 11990.00, 11990.00),
(269, 262, 3, 1, 11990.00, 11990.00),
(270, 263, 3, 1, 11990.00, 11990.00),
(271, 264, 3, 1, 11990.00, 11990.00),
(272, 265, 3, 1, 11990.00, 11990.00),
(273, 266, 3, 1, 11990.00, 11990.00),
(274, 267, 3, 1, 11990.00, 11990.00),
(275, 268, 3, 1, 11990.00, 11990.00),
(276, 269, 3, 1, 11990.00, 11990.00),
(277, 270, 3, 1, 11990.00, 11990.00),
(278, 271, 3, 1, 11990.00, 11990.00),
(279, 272, 3, 1, 11990.00, 11990.00),
(280, 273, 3, 1, 11990.00, 11990.00),
(281, 274, 3, 1, 11990.00, 11990.00),
(282, 275, 3, 1, 11990.00, 11990.00),
(283, 276, 3, 1, 11990.00, 11990.00),
(284, 277, 3, 1, 11990.00, 11990.00),
(285, 278, 3, 1, 11990.00, 11990.00),
(286, 279, 3, 1, 11990.00, 11990.00),
(287, 280, 3, 1, 11990.00, 11990.00),
(288, 281, 3, 1, 11990.00, 11990.00),
(289, 282, 3, 1, 11990.00, 11990.00),
(290, 283, 3, 1, 11990.00, 11990.00),
(291, 284, 3, 1, 11990.00, 11990.00),
(292, 285, 3, 1, 11990.00, 11990.00),
(293, 286, 3, 1, 11990.00, 11990.00),
(294, 287, 3, 1, 11990.00, 11990.00),
(295, 288, 3, 1, 11990.00, 11990.00),
(296, 289, 3, 1, 11990.00, 11990.00),
(297, 290, 3, 1, 11990.00, 11990.00),
(298, 291, 3, 1, 11990.00, 11990.00),
(299, 292, 3, 1, 11990.00, 11990.00),
(300, 293, 3, 1, 11990.00, 11990.00),
(301, 294, 3, 1, 11990.00, 11990.00),
(302, 295, 3, 1, 11990.00, 11990.00),
(303, 296, 3, 1, 11990.00, 11990.00),
(304, 297, 3, 1, 11990.00, 11990.00),
(305, 298, 3, 1, 11990.00, 11990.00),
(306, 299, 3, 1, 11990.00, 11990.00),
(307, 300, 3, 1, 11990.00, 11990.00),
(308, 301, 3, 1, 11990.00, 11990.00),
(309, 302, 3, 1, 11990.00, 11990.00),
(310, 303, 3, 1, 11990.00, 11990.00),
(311, 304, 3, 1, 11990.00, 11990.00),
(312, 305, 3, 1, 11990.00, 11990.00),
(313, 306, 3, 1, 11990.00, 11990.00),
(314, 307, 3, 1, 11990.00, 11990.00),
(315, 308, 3, 1, 11990.00, 11990.00),
(316, 309, 3, 1, 11990.00, 11990.00),
(317, 310, 3, 1, 11990.00, 11990.00),
(318, 311, 3, 1, 11990.00, 11990.00),
(319, 312, 3, 1, 11990.00, 11990.00),
(320, 313, 3, 1, 11990.00, 11990.00),
(321, 314, 3, 1, 11990.00, 11990.00),
(322, 315, 3, 1, 11990.00, 11990.00),
(323, 316, 3, 1, 11990.00, 11990.00),
(324, 317, 3, 1, 11990.00, 11990.00),
(325, 318, 3, 1, 11990.00, 11990.00),
(326, 319, 3, 1, 11990.00, 11990.00),
(327, 320, 3, 1, 11990.00, 11990.00),
(328, 321, 3, 1, 11990.00, 11990.00),
(329, 322, 3, 1, 11990.00, 11990.00),
(330, 323, 3, 1, 11990.00, 11990.00),
(331, 324, 3, 1, 11990.00, 11990.00),
(332, 325, 3, 1, 11990.00, 11990.00),
(333, 326, 3, 1, 11990.00, 11990.00),
(334, 327, 3, 1, 11990.00, 11990.00),
(335, 328, 3, 1, 11990.00, 11990.00),
(336, 329, 3, 1, 11990.00, 11990.00),
(337, 330, 3, 1, 11990.00, 11990.00),
(338, 331, 3, 1, 11990.00, 11990.00),
(339, 332, 3, 1, 11990.00, 11990.00),
(340, 333, 3, 1, 11990.00, 11990.00),
(341, 334, 3, 1, 11990.00, 11990.00),
(342, 335, 3, 1, 11990.00, 11990.00),
(343, 336, 3, 1, 11990.00, 11990.00),
(344, 337, 3, 1, 11990.00, 11990.00),
(345, 338, 3, 1, 11990.00, 11990.00),
(346, 339, 3, 1, 11990.00, 11990.00),
(347, 340, 3, 1, 11990.00, 11990.00),
(348, 341, 3, 1, 11990.00, 11990.00),
(349, 342, 3, 1, 11990.00, 11990.00),
(350, 343, 3, 1, 11990.00, 11990.00),
(351, 344, 3, 1, 11990.00, 11990.00),
(352, 345, 3, 1, 11990.00, 11990.00),
(353, 346, 3, 1, 11990.00, 11990.00),
(354, 347, 3, 1, 11990.00, 11990.00),
(355, 348, 3, 1, 11990.00, 11990.00),
(356, 349, 3, 1, 11990.00, 11990.00),
(357, 350, 3, 1, 11990.00, 11990.00),
(358, 351, 3, 1, 11990.00, 11990.00),
(359, 352, 3, 1, 11990.00, 11990.00),
(360, 353, 3, 1, 11990.00, 11990.00),
(361, 354, 3, 1, 11990.00, 11990.00),
(362, 355, 3, 1, 11990.00, 11990.00),
(363, 356, 3, 1, 11990.00, 11990.00),
(364, 357, 3, 1, 11990.00, 11990.00),
(365, 358, 3, 1, 11990.00, 11990.00),
(366, 359, 3, 1, 11990.00, 11990.00),
(367, 360, 3, 1, 11990.00, 11990.00),
(368, 361, 3, 1, 11990.00, 11990.00),
(369, 362, 3, 1, 11990.00, 11990.00),
(370, 363, 3, 1, 11990.00, 11990.00),
(371, 364, 3, 1, 11990.00, 11990.00),
(372, 365, 3, 1, 11990.00, 11990.00),
(373, 366, 3, 1, 11990.00, 11990.00),
(374, 367, 3, 1, 11990.00, 11990.00),
(375, 368, 3, 1, 11990.00, 11990.00),
(376, 369, 3, 1, 11990.00, 11990.00),
(377, 370, 3, 1, 11990.00, 11990.00),
(378, 371, 3, 1, 11990.00, 11990.00),
(379, 372, 3, 1, 11990.00, 11990.00),
(380, 373, 3, 1, 11990.00, 11990.00),
(381, 374, 3, 1, 11990.00, 11990.00),
(382, 375, 3, 1, 11990.00, 11990.00),
(383, 376, 3, 1, 11990.00, 11990.00),
(384, 377, 3, 1, 11990.00, 11990.00),
(385, 378, 3, 1, 11990.00, 11990.00),
(386, 379, 3, 1, 11990.00, 11990.00),
(387, 380, 3, 1, 11990.00, 11990.00),
(388, 381, 3, 1, 11990.00, 11990.00),
(389, 382, 3, 1, 11990.00, 11990.00),
(390, 383, 3, 1, 11990.00, 11990.00),
(391, 384, 3, 1, 11990.00, 11990.00),
(392, 385, 3, 1, 11990.00, 11990.00),
(393, 386, 3, 1, 11990.00, 11990.00),
(394, 387, 3, 1, 11990.00, 11990.00),
(395, 388, 3, 1, 11990.00, 11990.00),
(396, 389, 3, 1, 11990.00, 11990.00),
(397, 390, 3, 1, 11990.00, 11990.00),
(398, 391, 3, 1, 11990.00, 11990.00),
(399, 392, 3, 1, 11990.00, 11990.00),
(400, 393, 3, 1, 11990.00, 11990.00),
(401, 394, 3, 1, 11990.00, 11990.00),
(402, 395, 3, 1, 11990.00, 11990.00),
(403, 396, 3, 1, 11990.00, 11990.00),
(404, 397, 3, 1, 11990.00, 11990.00),
(405, 398, 3, 1, 11990.00, 11990.00),
(406, 399, 3, 1, 11990.00, 11990.00),
(407, 400, 3, 1, 11990.00, 11990.00),
(408, 401, 3, 1, 11990.00, 11990.00),
(409, 402, 3, 1, 11990.00, 11990.00),
(410, 403, 3, 1, 11990.00, 11990.00),
(411, 404, 3, 1, 11990.00, 11990.00),
(412, 405, 3, 1, 11990.00, 11990.00),
(413, 406, 3, 1, 11990.00, 11990.00),
(414, 407, 3, 1, 11990.00, 11990.00),
(415, 408, 3, 1, 11990.00, 11990.00),
(416, 409, 3, 1, 11990.00, 11990.00),
(417, 410, 3, 1, 11990.00, 11990.00),
(418, 411, 3, 1, 11990.00, 11990.00),
(419, 412, 3, 1, 11990.00, 11990.00),
(420, 413, 3, 1, 11990.00, 11990.00),
(421, 414, 3, 1, 11990.00, 11990.00),
(422, 415, 3, 1, 11990.00, 11990.00),
(423, 416, 3, 1, 11990.00, 11990.00),
(424, 417, 3, 1, 11990.00, 11990.00),
(425, 418, 3, 1, 11990.00, 11990.00),
(426, 419, 3, 1, 11990.00, 11990.00),
(427, 420, 3, 1, 11990.00, 11990.00),
(428, 421, 3, 1, 11990.00, 11990.00),
(429, 422, 3, 1, 11990.00, 11990.00),
(430, 423, 3, 1, 11990.00, 11990.00),
(431, 424, 3, 1, 11990.00, 11990.00),
(432, 425, 3, 1, 11990.00, 11990.00),
(433, 426, 3, 1, 11990.00, 11990.00),
(434, 427, 3, 1, 11990.00, 11990.00),
(435, 428, 3, 1, 11990.00, 11990.00),
(436, 429, 3, 1, 11990.00, 11990.00),
(437, 430, 3, 1, 11990.00, 11990.00),
(438, 431, 3, 1, 11990.00, 11990.00),
(439, 432, 3, 1, 11990.00, 11990.00),
(440, 433, 3, 1, 11990.00, 11990.00),
(441, 434, 3, 2, 11990.00, 23980.00),
(442, 434, 4, 1, 5000.00, 5000.00),
(443, 435, 3, 2, 11990.00, 23980.00),
(444, 435, 4, 1, 5000.00, 5000.00),
(445, 436, 3, 2, 11990.00, 23980.00),
(446, 436, 4, 1, 5000.00, 5000.00),
(447, 437, 3, 1, 11990.00, 11990.00),
(448, 437, 4, 1, 5000.00, 5000.00);

-- --------------------------------------------------------

--
-- Table structure for table `user`
--

CREATE TABLE `user` (
  `id` int NOT NULL,
  `username` varchar(255) NOT NULL,
  `password` varchar(255) NOT NULL
) ENGINE=InnoDB DEFAULT CHARSET=utf8mb4 COLLATE=utf8mb4_0900_ai_ci;

--
-- Dumping data for table `user`
--

INSERT INTO `user` (`id`, `username`, `password`) VALUES
(1, 'admin', 'admin123');

--
-- Indexes for dumped tables
--

--
-- Indexes for table `kategori`
--
ALTER TABLE `kategori`
  ADD PRIMARY KEY (`id`);

--
-- Indexes for table `menu`
--
ALTER TABLE `menu`
  ADD PRIMARY KEY (`id`),
  ADD KEY `id_kategori` (`id_kategori`);

--
-- Indexes for table `metode_pembayaran`
--
ALTER TABLE `metode_pembayaran`
  ADD PRIMARY KEY (`id`);

--
-- Indexes for table `transaksi`
--
ALTER TABLE `transaksi`
  ADD PRIMARY KEY (`id`),
  ADD KEY `id_metode_pembayaran` (`id_metode_pembayaran`),
  ADD KEY `id_user` (`id_user`) USING BTREE;

--
-- Indexes for table `transaksi_detail`
--
ALTER TABLE `transaksi_detail`
  ADD PRIMARY KEY (`id`),
  ADD KEY `id_transaksi` (`id_transaksi`);

--
-- Indexes for table `user`
--
ALTER TABLE `user`
  ADD PRIMARY KEY (`id`);

--
-- AUTO_INCREMENT for dumped tables
--

--
-- AUTO_INCREMENT for table `kategori`
--
ALTER TABLE `kategori`
  MODIFY `id` int NOT NULL AUTO_INCREMENT, AUTO_INCREMENT=13;

--
-- AUTO_INCREMENT for table `menu`
--
ALTER TABLE `menu`
  MODIFY `id` int NOT NULL AUTO_INCREMENT, AUTO_INCREMENT=5;

--
-- AUTO_INCREMENT for table `metode_pembayaran`
--
ALTER TABLE `metode_pembayaran`
  MODIFY `id` int NOT NULL AUTO_INCREMENT, AUTO_INCREMENT=4;

--
-- AUTO_INCREMENT for table `transaksi`
--
ALTER TABLE `transaksi`
  MODIFY `id` int NOT NULL AUTO_INCREMENT, AUTO_INCREMENT=438;

--
-- AUTO_INCREMENT for table `transaksi_detail`
--
ALTER TABLE `transaksi_detail`
  MODIFY `id` int NOT NULL AUTO_INCREMENT, AUTO_INCREMENT=449;

--
-- AUTO_INCREMENT for table `user`
--
ALTER TABLE `user`
  MODIFY `id` int NOT NULL AUTO_INCREMENT, AUTO_INCREMENT=2;
COMMIT;

/*!40101 SET CHARACTER_SET_CLIENT=@OLD_CHARACTER_SET_CLIENT */;
/*!40101 SET CHARACTER_SET_RESULTS=@OLD_CHARACTER_SET_RESULTS */;
/*!40101 SET COLLATION_CONNECTION=@OLD_COLLATION_CONNECTION */;
